episode,endured_step,episode_return,in_goal_steps,success,epsilon,td_loss
1,149,9.693729365907561,0,0,0.998230625,0.0
2,174,52.812703088188705,0,0,0.996164375,0.0
3,158,65.6833354568733,28,1,0.994288125,0.0
4,299,80.2772629890083,27,1,0.9907375,0.0
5,94,2.7509482186259504,0,0,0.98962125,0.0
6,85,0.876680846818366,0,0,0.988611875,0.0
7,96,0.24199219837722818,0,0,0.987471875,0.0
8,173,22.370405415845468,0,0,0.9854175,0.0
9,229,22.026289045666775,0,0,0.982698125,0.0
10,245,48.90575663897433,0,0,0.97978875,0.0
11,133,12.68737988373718,0,0,0.978209375,0.0
12,143,20.500868466215977,0,0,0.97651125,0.0
13,82,-1.0859645229430863,0,0,0.9755375,0.0
14,198,22.211175096358645,0,0,0.97318625,0.0
15,226,53.983195089888,0,0,0.9705025,0.0
16,234,65.85800697126663,12,1,0.96772375,0.0
17,300,73.80447518215229,0,0,0.96416125,0.0
18,195,72.90418130215346,25,1,0.961845625,0.0
19,149,10.329239845489711,0,0,0.96007625,0.0
20,143,25.929707817600345,0,0,0.958378125,0.0
21,87,-1.525625570274888,0,0,0.957345,0.0
22,91,3.9172063346305386,0,0,0.9562643749999999,0.0
23,300,107.39629292335636,0,0,0.952701875,0.0
24,107,7.837049877922599,0,0,0.95143125,0.0
25,111,11.07697498770493,0,0,0.950113125,0.0
26,97,3.7281720655678914,0,0,0.94896125,0.0
27,98,2.2008250618380965,0,0,0.9477975,0.0
28,71,-2.5166186917602786,0,0,0.946954375,0.0
29,104,12.047987325961696,0,0,0.945719375,0.0
30,174,15.053249370938941,0,0,0.943653125,0.0
31,213,41.85123441220592,0,0,0.94112375,0.0
32,188,15.016655400805693,0,0,0.93889125,0.04288861330053737
33,300,71.23175518785166,0,0,0.93532875,0.031861353361358244
34,142,38.2211664786286,0,0,0.9336425,0.030221149166324505
35,300,87.11227991764194,13,1,0.93008,0.027680621319450437
36,152,38.615930729004845,0,0,0.928275,0.026926749129320103
37,190,32.4418033321444,0,0,0.92601875,0.025154547543436486
38,201,80.64497480893095,29,1,0.923631875,0.02677723950073957
39,149,10.324466997819371,0,0,0.9218625,0.026483464531362955
40,69,0.41719698511783765,0,0,0.921043125,0.026670871005542038
41,99,-1.0366200864439112,0,0,0.9198675000000001,0.02550861980963611
42,286,63.67613701478489,1,1,0.91647125,0.02705628490600559
43,60,-0.7795313050535153,0,0,0.91575875,0.021683320903684945
44,112,11.191422405107964,0,0,0.91442875,0.029667034172494562
45,300,58.48623737367619,0,0,0.91086625,0.02585544627547885
46,234,7.124442509910328,0,0,0.9080875,0.027593366168419488
47,121,3.943132456034175,0,0,0.906650625,0.024976526204234926
48,91,3.5658022209580196,0,0,0.90557,0.02491864902261583
49,171,19.854141901094756,0,0,0.903539375,0.028531230114705382
50,73,0.549042995644978,0,0,0.9026725,0.02158078198538047
51,35,-3.411633941156668,0,0,0.902256875,0.02606403584192906
52,63,0.1109149219326806,0,0,0.90150875,0.02459235970366983
53,300,51.42859366518237,0,0,0.89794625,0.026725791717957085
54,162,35.924893457718554,0,0,0.8960224999999999,0.021750437626816378
55,300,103.22243939172023,29,1,0.89246,0.026976414683740586
56,55,-1.221411121554321,0,0,0.891806875,0.027379940418441863
57,89,3.2323153758270884,0,0,0.89075,0.02651942780586692
58,176,34.43214314813937,0,0,0.88866,0.024733077781671785
59,118,2.622173691799971,0,0,0.88725875,0.026316629288623394
60,149,6.880304516856181,0,0,0.885489375,0.02941823256359867
61,78,4.191797319145645,0,0,0.884563125,0.021861059753857076
62,57,-0.28384290438631954,0,0,0.88388625,0.030201492575814195
63,74,1.7351811819521767,0,0,0.8830075000000001,0.02636900925584062
64,300,70.77015705158124,0,0,0.879445,0.029168252946886544
65,209,18.579125525887672,0,0,0.8769631250000001,0.025308619871062702
66,234,51.06614130242087,0,0,0.874184375,0.027109908976325463
67,216,88.30854242909136,27,1,0.871619375,0.027723511625447794
68,77,3.150382693137799,0,0,0.8707050000000001,0.028999410890187923
69,116,8.713941300834895,0,0,0.8693275,0.029105359034066827
70,300,141.7165072595033,49,1,0.865765,0.027334882505238058
71,123,16.656745201688132,0,0,0.864304375,0.029383785963035758
72,124,0.3966083735775223,0,0,0.862831875,0.026834618446657493
73,300,58.91754790661706,0,0,0.859269375,0.026107473340428743
74,62,-1.6632600054065492,0,0,0.858533125,0.025574291857229845
75,185,55.0290211945988,13,1,0.85633625,0.03075283127207611
76,128,8.719171883791875,0,0,0.85481625,0.0280702176005434
77,181,24.691106158122683,0,0,0.852666875,0.03112152507219937
78,236,80.61715895336083,27,1,0.849864375,0.02787167070555832
79,104,2.30359786411319,0,0,0.848629375,0.026051129572666608
80,45,-1.8927608350217868,0,0,0.848095,0.028112814684088033
81,212,23.300885488734902,0,0,0.8455775,0.03049279709416881
82,247,41.83936192573152,0,0,0.842644375,0.033348818268129216
83,167,14.167857444843026,0,0,0.84066125,0.0325801214342658
84,86,-1.1971116137824618,0,0,0.8396399999999999,0.031412614628585966
85,102,12.133697925458112,0,0,0.8384287500000001,0.032317097716526515
86,189,41.690539068188244,0,0,0.836184375,0.029826228967596773
87,213,24.13974579948906,0,0,0.833655,0.034108273374537625
88,144,9.050643657626491,0,0,0.831945,0.0355782197503787
89,175,5.021278333817074,0,0,0.829866875,0.03413641890244824
90,141,6.387317206069881,0,0,0.8281925,0.032799954569059694
91,110,6.588256712681274,0,0,0.82688625,0.03290632066359236
92,198,19.9996273195187,0,0,0.824535,0.032954903495864885
93,33,-3.321104476628916,0,0,0.824143125,0.03803546488228621
94,84,6.467336644226154,0,0,0.823145625,0.03336638562281483
95,169,17.65396352155698,0,0,0.82113875,0.034461726743132755
96,289,26.525020072581626,0,0,0.817706875,0.0371005191777069
97,56,-0.7788827179780311,0,0,0.817041875,0.03488293821491035
98,68,-2.2231499259659295,0,0,0.816234375,0.03420519294655498
99,300,72.20133434849508,0,0,0.812671875,0.03516975793521851
100,206,20.620743097308537,0,0,0.810225625,0.03317319028061426
101,300,95.67641718110309,27,1,0.806663125,0.03672839813089619
102,121,13.284873368802025,0,0,0.80522625,0.03560358020553966
103,79,4.6978341591174075,0,0,0.804288125,0.03530712095619757
104,247,34.162903320667155,0,0,0.801355,0.035371211136838325
105,58,-0.3897126677612679,0,0,0.80066625,0.0378393873989839
106,300,17.564712848403275,0,0,0.79710375,0.03638975258761396
107,51,-1.1051439251471633,0,0,0.7964981250000001,0.03213851785689008
108,277,54.08146490549128,0,0,0.79320875,0.03424361272166997
109,77,2.1070344244805304,0,0,0.792294375,0.03840440439132901
110,44,-2.554673990486105,0,0,0.791771875,0.036744785770265895
111,152,31.022633697963222,0,0,0.789966875,0.035498259965894056
112,106,9.998613136362756,0,0,0.788708125,0.03973512220600585
113,125,13.499048151334204,0,0,0.78722375,0.03524224143475294
114,104,3.883857239894043,0,0,0.78598875,0.03933726609326326
115,101,-0.9957457944283585,0,0,0.784789375,0.04133172903099273
116,116,8.68401946481412,0,0,0.783411875,0.0399933904489695
117,234,68.54409590160384,11,1,0.780633125,0.039238846789185815
118,227,23.979805845039664,0,0,0.7779375,0.04036373477059905
119,102,-1.1404381163518784,0,0,0.7767262500000001,0.03600190092772976
120,125,2.737862894426332,0,0,0.775241875,0.041114409536123275
121,123,11.863980536561586,0,0,0.77378125,0.03675269968504828
122,93,0.42315064024827187,0,0,0.772676875,0.047610124923609276
123,278,37.08230465227018,0,0,0.769375625,0.04005513636381935
124,268,15.576800441373488,0,0,0.766193125,0.04094239070128872
125,43,-2.5315322735304875,0,0,0.7656825,0.04247999330982566
126,110,15.381278326232806,0,0,0.76437625,0.03943740111056038
127,116,13.04920382953359,0,0,0.76299875,0.041215783077420604
128,55,-0.8517740024942473,0,0,0.762345625,0.04161643832921982
129,173,23.94829418861206,0,0,0.76029125,0.04393973251578608
130,97,5.850046095926686,0,0,0.759139375,0.04351812222799689
131,72,0.5461299003052931,0,0,0.758284375,0.04366302349242485
132,91,9.218711705946601,0,0,0.75720375,0.04232584131410816
133,89,-0.1791218085136208,0,0,0.756146875,0.0391917492294412
134,27,-3.524301723220634,0,0,0.75582625,0.03691294051154896
135,186,47.629060420283466,0,0,0.7536175,0.04299780397966344
136,140,9.963773538101897,0,0,0.751955,0.044866358621844224
137,118,-0.8460177866345457,0,0,0.75055375,0.047254765785094036
138,164,6.17027536000413,0,0,0.74860625,0.043376768655257254
139,212,41.1864462157081,0,0,0.74608875,0.04223475988761012
140,75,-0.183729440497844,0,0,0.7451981249999999,0.04206968350956837
141,49,-1.574642570758241,0,0,0.74461625,0.04760772301530351
142,169,66.8998690772687,26,1,0.742609375,0.0447272996930681
143,255,88.01841577869497,28,1,0.7395812500000001,0.04403932124522387
144,169,9.854417282885944,0,0,0.737574375,0.049773237634913106
145,136,8.138834301518509,0,0,0.735959375,0.0505344328155522
146,68,-1.5272935755783497,0,0,0.735151875,0.05206407036851434
147,46,-2.66995571108808,0,0,0.7346056249999999,0.046776456110503364
148,103,3.068705396639702,0,0,0.7333825,0.04817662719022302
149,94,10.435815426497788,0,0,0.73226625,0.048454171779783485
150,197,23.73894165377362,0,0,0.729926875,0.04554413473659058
151,300,92.72424154721865,0,0,0.726364375,0.0483240289768825
152,146,20.875755327916888,0,0,0.724630625,0.048076771084882626
153,164,21.81538325855908,0,0,0.722683125,0.05366002806893936
154,129,16.008624821062018,0,0,0.72115125,0.05063698197491178
155,190,41.97792771202158,0,0,0.7188950000000001,0.04964843988908749
156,110,10.625697682728315,0,0,0.71758875,0.04731346397576007
157,171,54.27412834154812,14,1,0.715558125,0.049558412844631056
158,104,-0.30914371111187755,0,0,0.714323125,0.0576147255845941
159,161,5.072889224327426,0,0,0.7124112499999999,0.04923187713977528
160,113,8.377509194084183,0,0,0.711069375,0.04894051320883816
161,193,75.95849368075851,27,1,0.7087775000000001,0.05212835156373255
162,181,68.19759459321816,28,1,0.7066281249999999,0.05034075007460065
163,300,45.76751741246423,0,0,0.703065625,0.05417708774407705
164,121,14.080129735655298,0,0,0.70162875,0.0575881812967791
165,103,6.5949056396722,0,0,0.700405625,0.05713339220479276
166,236,73.06613577190927,16,1,0.697603125,0.05664925761836565
167,123,17.33825557055622,0,0,0.6961425,0.05652688903264641
168,147,20.981264700348174,0,0,0.694396875,0.05735929698056104
169,185,32.4807358408606,0,0,0.6921999999999999,0.05703697971798278
170,103,0.20170316598772509,0,0,0.690976875,0.060443547029880064
171,110,13.279868940184489,0,0,0.689670625,0.06271096349439838
172,124,23.056509604093748,0,0,0.688198125,0.05850660381838679
173,257,23.166129693547553,0,0,0.6851462500000001,0.060838015304320286
174,80,-1.663766604922885,0,0,0.6841962500000001,0.05941066243685782
175,235,38.41381803757599,0,0,0.681405625,0.05998600052392229
176,72,-0.9310148498158588,0,0,0.680550625,0.061471519073367946
177,224,45.187716804400125,0,0,0.6778906250000001,0.061811101514779566
178,46,-1.7904161541993453,0,0,0.6773443750000001,0.05876140304557655
179,228,17.19002211998931,0,0,0.674636875,0.06130490211051023
180,79,1.1030855517255205,0,0,0.67369875,0.05770531508930122
181,79,0.43992660808869744,0,0,0.672760625,0.05588212597502183
182,300,115.1716098955771,10,1,0.6691981250000001,0.06172169474263986
183,69,-1.702398214904842,0,0,0.66837875,0.06134698680345563
184,124,25.034934135043475,0,0,0.66690625,0.06292889262699793
185,105,9.563555974337927,0,0,0.6656593749999999,0.06406894712930634
186,238,18.724180354736774,0,0,0.662833125,0.06466018175706267
187,123,8.080237015326256,0,0,0.6613725,0.0662191807315117
188,233,18.1232825403601,0,0,0.6586056250000001,0.060884062320697464
189,133,12.321223086125176,0,0,0.65702625,0.06025476482017596
190,136,8.397990975718486,0,0,0.65541125,0.06199968534330016
191,101,0.494850845140272,0,0,0.654211875,0.0642669256592151
192,219,80.47593457894094,29,1,0.65161125,0.06448793737855676
193,224,28.715521386183404,0,0,0.6489512500000001,0.06456787594028615
194,150,18.694908269883342,0,0,0.64717,0.0654069958254695
195,156,24.74444684661044,0,0,0.6453175,0.06659810382347459
196,172,4.681365422665392,0,0,0.643275,0.06252975772719743
197,33,-3.310753529834229,0,0,0.642883125,0.06453896370349509
198,107,4.623308512933422,0,0,0.6416125,0.06792235858390265
199,196,43.90421695194799,0,0,0.6392850000000001,0.06634576410549331
200,200,46.85869931511684,0,0,0.6369100000000001,0.0657503673993051
201,28,-3.625208415159869,0,0,0.6365775,0.06407168248136129
202,289,42.343838554470864,0,0,0.633145625,0.06553933167488517
203,234,9.492666784575839,0,0,0.630366875,0.06746067356668477
204,165,6.1416636978759165,0,0,0.6284075,0.07139361007421306
205,172,22.73857535296543,0,0,0.6263650000000001,0.07073786276457615
206,212,32.44921153064526,0,0,0.6238475,0.06833496733726759
207,300,94.81544438510842,0,0,0.620285,0.06881116836021343
208,247,80.68139417400583,27,1,0.617351875,0.07278623819532182
209,300,58.00882060405468,0,0,0.6137893750000001,0.0745450441353023
210,276,17.349517627648282,0,0,0.610511875,0.07135530065178224
211,119,3.803719959644874,0,0,0.60909875,0.07570277888546972
212,114,5.2435185247371425,0,0,0.607745,0.07374852209499008
213,146,15.34590368485255,0,0,0.60601125,0.0766968059876602
214,172,24.31588224224367,0,0,0.6039687499999999,0.07261480971477753
215,45,-2.5360716923719857,0,0,0.603434375,0.07476078035930793
216,217,51.838201443671934,0,0,0.6008575,0.07405880845499478
217,63,-1.8198349880833136,0,0,0.600109375,0.07662924314065585
218,91,-1.6036655116485,0,0,0.59902875,0.08010410230893356
219,300,47.46432834511338,0,0,0.5954662500000001,0.076733316325893
220,88,-0.16842375713169133,0,0,0.59442125,0.08123605148020116
221,222,80.88287669965032,27,1,0.591785,0.07781064513701576
222,75,3.6269070459488777,0,0,0.590894375,0.07830344679454962
223,123,2.905729480780238,0,0,0.58943375,0.0773416942182353
224,265,80.24099985319661,25,1,0.586286875,0.07966623992993022
225,228,80.14888074406694,27,1,0.583579375,0.08334488334264933
226,153,4.945260769874937,0,0,0.5817625000000001,0.08327036229223987
227,123,11.190137726811638,0,0,0.580301875,0.08410031003196065
228,56,-0.8008016523392278,0,0,0.579636875,0.08392071105273706
229,50,-2.119040966053997,0,0,0.579043125,0.08335389778017997
230,174,45.16451998823986,0,0,0.576976875,0.0880747955164005
231,106,8.87000977680307,0,0,0.5757181250000001,0.08175151847865221
232,95,2.0947323965340807,0,0,0.57459,0.0867089457809925
233,300,111.62905707846339,26,1,0.5710275,0.08792739683141311
234,141,7.545533692393104,0,0,0.569353125,0.0945543248259218
235,85,1.6891145357475716,0,0,0.56834375,0.08912797070601407
236,178,25.4747760899834,0,0,0.56623,0.08837659209129516
237,104,5.742136199007982,0,0,0.564995,0.09074101937361635
238,300,101.74302576716892,18,1,0.5614325,0.09141790167738995
239,208,72.25447539788394,23,1,0.5589625,0.09602569751083277
240,73,1.016495035617699,0,0,0.558095625,0.09931338216139846
241,273,75.96485153830379,26,1,0.5548537499999999,0.09806619854746285
242,179,64.12220687381662,26,1,0.552728125,0.09965647124378375
243,92,2.0669382300922168,0,0,0.5516356250000001,0.09407411981374025
244,103,10.934814159396824,0,0,0.5504125,0.09108043982855325
245,131,12.705685777465026,0,0,0.548856875,0.10534856747124942
246,300,126.80003335090349,28,1,0.5452943750000001,0.1002057251955072
247,58,-1.1365792741406535,0,0,0.544605625,0.10009163624510684
248,142,4.124391981298845,0,0,0.5429193750000001,0.10384353103352265
249,31,-3.37172994076902,0,0,0.54255125,0.10274307417773432
250,223,36.51287617678386,0,0,0.539903125,0.10448220223522507
251,110,9.806708916872719,0,0,0.5385968750000001,0.10279304165054451
252,160,22.93282991123121,0,0,0.5366968750000001,0.1021217551548034
253,219,69.80842869623858,23,1,0.5340962499999999,0.11296420151444331
254,206,52.567156679155495,0,0,0.53165,0.10638179975444252
255,139,5.453614275459758,0,0,0.529999375,0.11132580618099343
256,88,0.1817766735283346,0,0,0.5289543750000001,0.11040287989784371
257,69,0.9824582882842199,0,0,0.528135,0.11145842777214189
258,126,10.879483257049085,0,0,0.52663875,0.10985595558489127
259,125,3.1634015392768893,0,0,0.5251543750000001,0.10921601521968842
260,41,-2.9541848390586254,0,0,0.5246675000000001,0.11929494069843757
261,300,76.90946752500736,0,0,0.521105,0.10972815830260516
262,85,1.3909333779347381,0,0,0.5200956250000001,0.11175764720229542
263,95,4.534232986499118,0,0,0.5189675,0.10380137323548919
264,81,4.642656604952411,0,0,0.518005625,0.11262576226834897
265,175,13.060462492329101,0,0,0.5159275000000001,0.10998021055545126
266,284,84.94073395178046,28,1,0.5125550000000001,0.11044153724600311
267,300,105.47230142899286,26,1,0.5089925,0.11659585850934187
268,115,2.493209756597314,0,0,0.507626875,0.11280912708329117
269,130,10.673507292166951,0,0,0.506083125,0.11898618096915575
270,134,17.876390958018845,0,0,0.504491875,0.10929844920426163
271,113,0.7418565214433368,0,0,0.50315,0.11035792424088031
272,222,57.72362018032414,0,0,0.5005137500000001,0.11403678881155478
273,110,10.71375684688722,0,0,0.4992075,0.11997374526479028
274,51,-2.2101013466278676,0,0,0.4986018750000001,0.11125394424387053
275,97,-0.5469452441302387,0,0,0.49744999999999995,0.11444580247721721
276,300,17.84783963935682,0,0,0.49388750000000003,0.11812482458849748
277,131,5.647342086027037,0,0,0.492331875,0.11711818596902694
278,90,-0.09454176285282134,0,0,0.491263125,0.11835768442187045
279,133,19.84843091805927,0,0,0.4896837500000001,0.11772496418509268
280,31,-3.2513583038703646,0,0,0.4893156249999999,0.11264031933199975
281,252,86.62362809503271,19,1,0.48632312499999997,0.12628856123912902
282,225,63.65011135479457,0,0,0.48365125,0.13138867389824654
283,300,18.213529754870578,0,0,0.48008875000000006,0.12548208514849346
284,300,62.05514767258141,0,0,0.47652625000000004,0.12568021902193627
285,166,24.901179083221876,0,0,0.47455499999999995,0.1258567503866661
286,203,39.095483927858126,0,0,0.47214437500000006,0.1318862048055738
287,157,9.291099682987042,0,0,0.47028000000000003,0.13024598424127148
288,244,54.358133036199085,0,0,0.46738250000000003,0.12505075127863494
289,75,-0.7398375051460677,0,0,0.466491875,0.12951121608416238
290,167,8.978073885701807,0,0,0.46450875,0.12663391941857194
291,200,45.825314700586596,0,0,0.46213375,0.12914666779339312
292,48,-1.3800295656949997,0,0,0.46156375000000005,0.12632201286032796
293,187,46.50241006900504,0,0,0.45934312499999996,0.12698690589258377
294,114,1.7110450052390584,0,0,0.45798937500000003,0.12670281549033366
295,125,12.488682998490225,0,0,0.45650499999999994,0.1297006890773773
296,153,18.542342109689887,0,0,0.454688125,0.12926356589385107
297,156,18.867772915434987,0,0,0.45283562499999996,0.1282573611690448
298,190,9.59949346251385,0,0,0.4505793750000001,0.13020608638854403
299,257,78.894001434027,27,1,0.44752749999999997,0.13170112315782778
300,62,0.1858649476391232,0,0,0.4467912500000001,0.1366311720302028
301,300,81.32472753318868,0,0,0.44322875000000006,0.13480923930803934
302,152,3.6717644438188515,0,0,0.44142375,0.13608531575453908
303,263,64.84978954166739,0,0,0.438300625,0.1400372808083835
304,252,79.32938793111886,17,1,0.43530812500000005,0.13691561284755904
305,94,1.1927524672611112,0,0,0.434191875,0.14937844048155116
306,300,30.228727575422056,0,0,0.4306293750000001,0.1360927022372683
307,115,0.34140860633983294,0,0,0.42926375000000005,0.14023130717484847
308,120,10.157411347385942,0,0,0.42783875000000005,0.14089833659430345
309,156,23.91925644124806,0,0,0.42598625,0.13789637076358
310,120,11.10918789438707,0,0,0.4245612500000001,0.13259450184802216
311,132,10.762953970807857,0,0,0.42299375000000006,0.1341725643724203
312,263,40.522201939338906,0,0,0.41987062500000005,0.1353073342218145
313,214,51.122261966947995,0,0,0.417329375,0.14019166779156042
314,35,-3.078709068344181,0,0,0.4169137500000001,0.14334730080195834
315,258,69.17973388799157,0,0,0.41385000000000005,0.14523019710945528
316,32,-3.5443360798943253,0,0,0.4134700000000001,0.1445100298151374
317,73,-1.4154551458662374,0,0,0.41260312499999996,0.14344102909711942
318,141,1.459520014524414,0,0,0.41092874999999995,0.14573930494540127
319,300,89.90770444040163,15,1,0.40736625000000004,0.1507494895408551
320,253,85.63617449912103,29,1,0.404361875,0.1517695036271344
321,167,10.280183238074155,0,0,0.40237875,0.162021514942903
322,139,8.900856020642845,0,0,0.400728125,0.1564543780019815
323,100,7.443788368262949,0,0,0.3995406250000001,0.15506802663207053
324,300,28.51034951162285,0,0,0.39597812500000007,0.15555445648729802
325,227,11.10843144840256,0,0,0.3932825,0.1550854539687413
326,196,30.87994730337826,0,0,0.39095500000000005,0.1567535097045558
327,149,18.312632765865786,0,0,0.3891856250000001,0.1605692859364036
328,300,75.30093488532154,0,0,0.38562312499999996,0.15851662673056124
329,300,22.90213779152794,0,0,0.38206062499999993,0.1592743713905414
330,50,-2.9779451572835547,0,0,0.381466875,0.1539127580821514
331,102,4.792063615376094,0,0,0.3802556250000001,0.15247812180542478
332,216,57.02479582547378,17,1,0.37769062500000006,0.15502607408497068
333,93,1.518236606072806,0,0,0.3765862500000001,0.15456846997302065
334,300,50.573462670002705,0,0,0.3730237500000001,0.15077857029934724
335,202,13.262747294043006,0,0,0.3706250000000001,0.1530496431606831
336,300,37.95474762795411,0,0,0.36706250000000007,0.16621832239131132
337,155,62.66990017242047,26,1,0.36522187500000003,0.16818749073051636
338,300,32.67427423375323,0,0,0.3616593750000001,0.16269847047825656
339,86,5.396390417351098,0,0,0.36063812500000003,0.16551741117308305
340,300,22.30812738207878,0,0,0.357075625,0.1657687242825826
341,55,-0.4502601990472668,0,0,0.3564225000000001,0.17037285606969488
342,300,28.55534199186207,0,0,0.35285999999999995,0.17209555993477504
343,87,1.3603692834917105,0,0,0.351826875,0.17309161652436203
344,225,33.98143420273054,0,0,0.349155,0.17340825676918029
345,300,82.94329436480777,15,1,0.3455925000000001,0.17571245595812798
346,178,75.0861884402953,30,1,0.34347875000000005,0.18156010121776817
347,300,33.50327012701605,0,0,0.33991625000000003,0.180979881832997
348,300,108.96906459832847,29,1,0.3363537500000001,0.17800842009484769
349,300,135.4023315863191,19,1,0.3327912500000001,0.17863178869088492
350,41,-2.719036219076325,0,0,0.332304375,0.1810054691826425
351,138,7.242834787169125,0,0,0.3306656250000001,0.18098441727351453
352,192,37.71612264910438,0,0,0.328385625,0.17627850892798355
353,300,64.54615571430614,2,1,0.3248231250000001,0.17506872629125914
354,71,0.5431114717061352,0,0,0.32398000000000005,0.1708186483928855
355,103,8.270633859702556,0,0,0.32275687500000005,0.17867585524771978
356,211,45.93020110795201,0,0,0.3202512500000001,0.1840473872861026
357,103,7.727615635824458,0,0,0.3190281250000001,0.1811818677968192
358,133,1.3564089217241166,0,0,0.31744875000000006,0.1856220785276334
359,100,3.436781569283762,0,0,0.31626125000000005,0.1825545633584261
360,62,-2.314840866573475,0,0,0.31552500000000006,0.17836211609744257
361,141,9.894222592736371,0,0,0.31385062500000005,0.18033278807469294
362,184,25.92158361688069,0,0,0.31166562500000006,0.17741913810048415
363,300,93.13725802276407,0,0,0.30810312500000003,0.1935804189244906
364,146,25.52129485868886,0,0,0.30636937500000005,0.1971459178993963
365,53,-1.3721399205731504,0,0,0.30574,0.20325691773081725
366,267,85.28137170405293,16,1,0.30256937500000003,0.1959305548489317
367,300,39.93283680511087,0,0,0.299006875,0.1955449888606866
368,108,5.963237250833775,0,0,0.29772437500000004,0.19693173826844604
369,250,8.261283824068155,0,0,0.29475562499999997,0.20318778297305107
370,300,55.173546391928824,0,0,0.29119312500000005,0.19704042735199134
371,300,79.30619770235863,12,1,0.28763062500000003,0.20213636313875516
372,226,78.48138144775633,24,1,0.28494687500000004,0.19998076561409817
373,300,46.1293477478041,0,0,0.281384375,0.19472346400221188
374,116,14.69191557793615,0,0,0.280006875,0.20854713652154494
375,300,63.225303242999615,0,0,0.2764443750000001,0.20128606927891574
376,300,64.57682381299092,0,0,0.27288187500000005,0.20158209497729937
377,121,9.717259012439936,0,0,0.27144500000000005,0.19776665333135068
378,269,13.66716463384982,0,0,0.2682506250000001,0.19403451866709168
379,300,60.59713623567742,0,0,0.26468812500000005,0.19485899304350218
380,185,43.85652523436295,0,0,0.26249124999999995,0.21182212805425799
381,49,-2.186181610101716,0,0,0.2619093750000001,0.21814088462566844
382,300,90.22513618266396,28,1,0.2583468750000001,0.20986321195960045
383,126,14.072821377501937,0,0,0.2568506250000001,0.2011638464672225
384,168,30.32489429016209,0,0,0.25485562500000003,0.20612090098715963
385,189,46.35765863116163,0,0,0.25261125000000006,0.2098403119693988
386,157,27.44553304847903,0,0,0.25074687500000004,0.21024977819175478
387,300,42.72412676370399,0,0,0.247184375,0.20937229342758656
388,140,8.98000671637561,0,0,0.245521875,0.20703917582120215
389,105,13.258358994788054,0,0,0.24427500000000002,0.2072477147692726
390,300,19.740579542949003,0,0,0.2407125,0.21127820566296576
391,300,87.17872572801605,26,1,0.23714999999999997,0.20676754695673782
392,200,54.172467843611216,8,1,0.23477500000000007,0.20657879751175642
393,300,87.30705141472951,0,0,0.23121250000000004,0.20915109249452749
394,300,75.3749327431873,0,0,0.22765000000000013,0.2100218796233336
395,300,42.52473072114116,0,0,0.2240875000000001,0.2216818368434906
396,300,123.16581576262035,54,1,0.22052500000000008,0.2214265018204848
397,300,22.349341446687813,0,0,0.21696249999999995,0.21994240547219912
398,43,-2.3253102207149983,0,0,0.21645187500000007,0.21906647813874622
399,300,63.83303199016567,0,0,0.21288937500000005,0.2196427487085263
400,234,114.30056050399922,48,1,0.210110625,0.22561026402773002
401,300,94.33631468887566,23,1,0.20654812499999997,0.22644374226530392
402,300,96.52977021750662,0,0,0.20298562499999995,0.22947075426578523
403,235,64.77473693516234,0,0,0.200195,0.2249896117347352
404,300,30.860878353275783,0,0,0.1966325,0.21996744175752003
405,300,79.25123965618985,16,1,0.19306999999999996,0.22376205250620843
406,155,18.15732751616604,0,0,0.19122937500000003,0.22826290688207074
407,119,13.322919894297456,0,0,0.18981625000000002,0.23079163249300308
408,58,-0.473890334951677,0,0,0.1891275,0.23443777139844565
409,137,19.64443904344435,0,0,0.18750062499999998,0.2366080920409112
410,90,3.419842648195802,0,0,0.18643187500000002,0.2322106036874983
411,154,20.64146790511216,0,0,0.18460312499999998,0.23270764163175187
412,288,19.929997060415175,0,0,0.1811831250000001,0.22503163784535396
413,169,57.813271943892644,18,1,0.17917625000000004,0.2323799201193646
414,124,3.973728437171041,0,0,0.17770375000000005,0.23248922728723095
415,46,-1.944429669869134,0,0,0.17715750000000008,0.2257095931664757
416,300,37.00851045214241,0,0,0.17359500000000005,0.2274856355289618
417,300,39.69368670244717,0,0,0.17003250000000003,0.2249807703991731
418,300,59.899221318726646,0,0,0.16647000000000012,0.23422557254632315
419,84,0.8924420421481836,0,0,0.16547250000000013,0.24468501852381797
420,49,-1.9413843527336225,0,0,0.16489062500000007,0.24209538740771158
421,300,61.537797072231484,0,0,0.16132812500000004,0.23582129220167797
422,300,48.325382635145886,0,0,0.15776562500000002,0.23781024013956387
423,300,50.525224300174386,0,0,0.1542031250000001,0.2471181880434354
424,51,-1.4601104691333142,0,0,0.15359750000000005,0.25137266896519006
425,121,10.985763387115686,0,0,0.15216062500000005,0.24416709968373795
426,98,1.0346256008457475,0,0,0.15099687500000003,0.24781279189854252
427,300,31.346864598437588,0,0,0.147434375,0.2516385424633821
428,300,55.35073462443459,0,0,0.14387187499999998,0.24713815867900848
429,175,16.447699525556587,0,0,0.14179375000000005,0.25499246307781764
430,300,100.08605926014509,29,1,0.13823125000000003,0.2502909688154856
431,300,38.87454233470287,0,0,0.13466875,0.2521588697532813
432,190,45.49086485855393,0,0,0.13241250000000004,0.25397486702391975
433,158,26.297990479680106,0,0,0.13053625000000013,0.24581381508821173
434,146,24.019994448976064,0,0,0.12880250000000004,0.23716134904590372
435,300,32.625682416222396,0,0,0.12524000000000013,0.24500830257932346
436,300,40.15576450489381,0,0,0.1216775000000001,0.24877593979239465
437,300,78.65107219811624,20,1,0.11811500000000008,0.2570707895855109
438,42,-2.407373728708191,0,0,0.11761624999999998,0.241353554385049
439,300,75.13847601166684,0,0,0.11405374999999995,0.25143569022417067
440,300,51.97220116989522,0,0,0.11049125000000004,0.2499945773681005
441,123,9.94350445197519,0,0,0.10903062500000005,0.2558630622499357
442,283,84.45802368911605,22,1,0.10567000000000004,0.265084394296572
443,147,28.529148312737398,0,0,0.10392437500000007,0.26647101352814917
444,126,11.233027493298568,0,0,0.10242812499999998,0.2582596301559418
445,131,8.273514889342826,0,0,0.10087250000000003,0.2556050130884156
446,157,21.021538152900092,0,0,0.099008125,0.26389394776456676
447,178,12.970156947813354,0,0,0.09689437499999998,0.2649695024396596
448,300,59.87465654107575,0,0,0.09333187499999995,0.27100579569737115
449,192,15.008300125709845,0,0,0.091051875,0.2665965775183092
450,71,1.7629371967955594,0,0,0.09020874999999995,0.27043294465877643
451,123,15.618447927580476,0,0,0.08874812500000007,0.2657269923909893
452,100,0.6325231719899316,0,0,0.08756062500000006,0.2690405981242657
453,300,62.39361632920312,0,0,0.08399812500000003,0.26352909445762634
454,143,13.93913861375869,0,0,0.08230000000000004,0.26535370351968113
455,253,9.395003772658571,0,0,0.07929562499999998,0.2622888419821328
456,126,14.971072808427357,0,0,0.077799375,0.27964380229749375
457,300,29.8727452884559,0,0,0.07423687500000009,0.2694912440081437
458,234,9.751383860471865,0,0,0.07145812500000004,0.26633997936534065
459,76,-1.579622855884959,0,0,0.07055562500000001,0.2629549073937692
460,143,16.65704441322016,0,0,0.06885750000000013,0.266222404537501
461,300,40.92036154584126,0,0,0.06529499999999999,0.264136030425628
462,42,-2.6258469227758887,0,0,0.06479625,0.26982567814134417
463,300,98.61719649218064,33,1,0.061233749999999976,0.26331616401672364
464,135,19.084944416262516,0,0,0.05963062500000005,0.2829373925924301
465,300,42.3193723028982,0,0,0.056068125000000024,0.2729865231613318
466,169,30.8438994498826,0,0,0.05406125000000006,0.27680345540921364
467,300,31.51291994568981,0,0,0.05049875000000004,0.27226348891854285
468,147,18.547543286322437,0,0,0.050000000000000044,0.2764546937074791
469,300,71.96395897689742,0,0,0.050000000000000044,0.28346932103236516
470,89,3.4268229396792442,0,0,0.050000000000000044,0.2747579570231813
471,108,5.619362058505633,0,0,0.050000000000000044,0.2741473710371388
472,300,78.46958711848846,2,1,0.050000000000000044,0.277364607155323
473,300,56.18881571349272,0,0,0.050000000000000044,0.27709743693470956
474,275,80.06492740189242,17,1,0.050000000000000044,0.2799773685498671
475,205,57.035840610998456,9,1,0.050000000000000044,0.2798431083196547
476,300,57.026866697419095,0,0,0.050000000000000044,0.2830589151382446
477,109,-0.1862634705491253,0,0,0.050000000000000044,0.2876436543574027
478,79,2.496053130600365,0,0,0.050000000000000044,0.2903586082820651
479,300,38.82412302654204,0,0,0.050000000000000044,0.2900002314647039
480,70,-0.28117622229792705,0,0,0.050000000000000044,0.29495857166392464
481,300,26.904610859414195,0,0,0.050000000000000044,0.291007717003425
482,300,58.37086232604567,0,0,0.050000000000000044,0.29174383396903675
483,300,39.33022164423406,0,0,0.050000000000000044,0.30143929436802863
484,300,51.261301520465565,0,0,0.050000000000000044,0.3029286002616088
485,100,4.311832658771941,0,0,0.050000000000000044,0.3026490354537964
486,229,17.31896364999871,0,0,0.050000000000000044,0.29877678080417186
487,295,13.808148083486305,0,0,0.050000000000000044,0.2906245646840435
488,152,15.377182569309575,0,0,0.050000000000000044,0.2884009943196648
489,64,0.14771457561894774,0,0,0.050000000000000044,0.2988627271261066
490,252,88.11198003348326,31,1,0.050000000000000044,0.28436931258156184
491,300,73.99602205207731,0,0,0.050000000000000044,0.2930027285714944
492,140,3.661708064909245,0,0,0.050000000000000044,0.2915097714534828
493,94,0.14398835245862607,0,0,0.050000000000000044,0.2928351325557587
494,300,15.946126973427146,0,0,0.050000000000000044,0.29332125132282577
495,88,2.1875451870397047,0,0,0.050000000000000044,0.29045388830656355
496,134,1.1969983905981278,0,0,0.050000000000000044,0.28975100225921885
497,92,4.466746208375167,0,0,0.050000000000000044,0.28763047233223915
498,51,-1.6037944776937194,0,0,0.050000000000000044,0.28659293376931955
499,300,69.31984291883514,21,1,0.050000000000000044,0.29930296967426934
500,125,5.085162338828092,0,0,0.050000000000000044,0.29626740610599517
501,158,7.285732151617914,0,0,0.050000000000000044,0.3000435388729542
502,300,81.13166466829506,22,1,0.050000000000000044,0.29969847003618877
503,300,105.92716503979868,25,1,0.050000000000000044,0.3133378589649995
504,300,113.84586117514726,23,1,0.050000000000000044,0.3143393044670423
505,300,93.59221927245737,22,1,0.050000000000000044,0.31464245374004046
506,300,24.805566274125862,0,0,0.050000000000000044,0.31500610689322156
507,300,72.03029862576173,0,0,0.050000000000000044,0.3167613605161508
508,238,17.30252259604939,0,0,0.050000000000000044,0.3209740511384331
509,134,19.419511920345833,0,0,0.050000000000000044,0.3147840026154447
510,300,33.016041632950774,0,0,0.050000000000000044,0.3205158932507038
511,300,36.815838199112,0,0,0.050000000000000044,0.31418786163131396
512,300,97.54513946401158,27,1,0.050000000000000044,0.3177091121176879
513,300,102.88855614767259,28,1,0.050000000000000044,0.32256599778930345
514,300,81.76828545946361,8,1,0.050000000000000044,0.3172614804406961
515,300,64.48088740827892,0,0,0.050000000000000044,0.3136338931322098
516,300,58.903498490802704,0,0,0.050000000000000044,0.32277107243736586
517,221,9.423829764457697,0,0,0.050000000000000044,0.32633342105069313
518,216,78.86666126708145,28,1,0.050000000000000044,0.3296544300047336
519,300,72.18526772770393,7,1,0.050000000000000044,0.32697395627697307
520,135,13.911673461277115,0,0,0.050000000000000044,0.3333553570288199
521,226,4.377415920773811,0,0,0.050000000000000044,0.32769594295362453
522,300,63.82204467904217,0,0,0.050000000000000044,0.34370381305615105
523,300,84.68644418664032,23,1,0.050000000000000044,0.34443386693795525
524,300,76.49883520142231,0,0,0.050000000000000044,0.3411837387084961
525,300,18.526093373556293,0,0,0.050000000000000044,0.3486149962246418
526,300,98.9327759870346,28,1,0.050000000000000044,0.35008019690712294
527,241,11.032820183696268,0,0,0.050000000000000044,0.3467957833124889
528,300,94.66616456761376,24,1,0.050000000000000044,0.3509716491401196
529,212,83.14834995126905,31,1,0.050000000000000044,0.3524636165151056
530,89,2.380558976402247,0,0,0.050000000000000044,0.3423595322986667
531,300,109.22272997283062,34,1,0.050000000000000044,0.36034396549065906
532,257,23.05461121025388,0,0,0.050000000000000044,0.3616666783386631
533,300,63.00453564211809,0,0,0.050000000000000044,0.36258292213082316
534,300,80.20834023355846,9,1,0.050000000000000044,0.3595378616452217
535,204,6.5885460398910745,0,0,0.050000000000000044,0.35638488105991306
536,273,25.75238687908311,0,0,0.050000000000000044,0.35032712921991455
537,300,103.35159214975799,28,1,0.050000000000000044,0.39373776569962504
538,300,18.088520054806995,0,0,0.050000000000000044,0.3877977379163106
539,300,50.049909197593394,0,0,0.050000000000000044,0.3832342763741811
540,290,24.052397962006943,0,0,0.050000000000000044,0.38491716677772586
541,300,16.063095124335348,0,0,0.050000000000000044,0.38744396160046257
542,300,88.02171005515386,13,1,0.050000000000000044,0.3892579396565755
543,300,15.033144522216556,0,0,0.050000000000000044,0.3829411047200362
544,300,92.59354560986002,26,1,0.050000000000000044,0.4031583767135938
545,300,84.57322210115733,15,1,0.050000000000000044,0.39505235811074574
546,57,-1.176803645070922,0,0,0.050000000000000044,0.41046547471431266
547,300,54.13594698215071,0,0,0.050000000000000044,0.4015050174295902
548,300,79.25842787203062,9,1,0.050000000000000044,0.41298807005087534
549,300,43.57972083374194,0,0,0.050000000000000044,0.40489587167898816
550,300,55.187076659499716,0,0,0.050000000000000044,0.4022014446556568
551,300,24.239377715299334,0,0,0.050000000000000044,0.420572781364123
552,300,92.1284436776133,24,1,0.050000000000000044,0.4324688525001208
553,300,58.62887210460317,6,1,0.050000000000000044,0.44023608257373176
554,106,1.5750723897045775,0,0,0.050000000000000044,0.4217218185933131
555,91,5.962507506679129,0,0,0.050000000000000044,0.43013446213124873
556,71,-1.1458930327963066,0,0,0.050000000000000044,0.4740205482697823
557,300,19.133513048144742,0,0,0.050000000000000044,0.4648988156517347
558,300,74.43178920928227,6,1,0.050000000000000044,0.46507300982872646
559,198,12.948400853548247,0,0,0.050000000000000044,0.46520337883872215
560,300,96.87018867741929,28,1,0.050000000000000044,0.4691501103838285
561,300,74.25864326632598,7,1,0.050000000000000044,0.4533994148174922
562,85,2.3320577551873294,0,0,0.050000000000000044,0.4644111089846667
563,113,10.215208683347743,0,0,0.050000000000000044,0.45487829937344104
564,69,0.23213309293332873,0,0,0.050000000000000044,0.4700082998344864
565,300,98.85268733620872,29,1,0.050000000000000044,0.45978611052036283
566,300,36.922246886471775,0,0,0.050000000000000044,0.4454076465964317
567,300,98.58502712233214,30,1,0.050000000000000044,0.44320736120144527
568,300,30.74994609108811,0,0,0.050000000000000044,0.4493739700317383
569,300,20.98057615800001,0,0,0.050000000000000044,0.45497672657171884
570,300,72.6504960667901,0,0,0.050000000000000044,0.471679192284743
571,300,98.86600326949741,28,1,0.050000000000000044,0.47943060636520385
572,300,93.8215449125056,27,1,0.050000000000000044,0.49439210931460065
573,300,93.10263696345187,30,1,0.050000000000000044,0.5102797076106071
574,300,88.85532559506801,16,1,0.050000000000000044,0.5174327212572097
575,300,54.01945196200999,0,0,0.050000000000000044,0.5080717132488887
576,300,99.55378577640245,29,1,0.050000000000000044,0.506419777472814
577,125,6.364666107092608,0,0,0.050000000000000044,0.4993247730731964
578,300,79.7293626982813,15,1,0.050000000000000044,0.4923328361908595
579,300,34.65129410173698,0,0,0.050000000000000044,0.5150628484288852
580,300,92.07319598268552,28,1,0.050000000000000044,0.5223073478539785
581,156,23.531168498187657,0,0,0.050000000000000044,0.5331375201543173
582,300,67.44345372409909,0,0,0.050000000000000044,0.5198728815714518
583,300,43.51055277993402,0,0,0.050000000000000044,0.5311229876677195
584,300,74.22530552672605,10,1,0.050000000000000044,0.5206447352965673
585,231,91.25844866514156,33,1,0.050000000000000044,0.5105770632818147
586,300,109.80100257270416,32,1,0.050000000000000044,0.5247164905071259
587,220,14.502658419831162,0,0,0.050000000000000044,0.5324911763722247
588,100,-0.2035097413735203,0,0,0.050000000000000044,0.524708454310894
589,263,20.475210371394418,0,0,0.050000000000000044,0.526997756595394
590,300,86.8548897862132,24,1,0.050000000000000044,0.521620112657547
591,300,29.01061887157708,0,0,0.050000000000000044,0.5172667173544566
592,300,99.97140535375878,27,1,0.050000000000000044,0.5176395038763683
593,300,48.614537545035276,0,0,0.050000000000000044,0.5163349740703901
594,300,95.86866461307821,30,1,0.050000000000000044,0.5175406469901402
595,300,51.94368332066471,0,0,0.050000000000000044,0.557742750843366
596,300,114.18082725960517,30,1,0.050000000000000044,0.5602254831790924
597,235,6.237708715101759,0,0,0.050000000000000044,0.5587454316463877
598,300,17.5034753927068,0,0,0.050000000000000044,0.5711161911487579
599,300,28.07609934456919,0,0,0.050000000000000044,0.5784562987089157
600,300,29.22426681425634,0,0,0.050000000000000044,0.5708030867576599
601,300,79.45875418632049,29,1,0.050000000000000044,0.578449342250824
602,99,6.712399872125362,0,0,0.050000000000000044,0.6029258900218539
603,103,10.685075376975927,0,0,0.050000000000000044,0.6144148588759227
604,300,28.008544557887607,0,0,0.050000000000000044,0.6085360477368037
605,300,33.45120151156929,0,0,0.050000000000000044,0.5960677029689153
606,300,48.430754949366865,0,0,0.050000000000000044,0.5954650883873304
607,300,100.01830412236117,36,1,0.050000000000000044,0.6006477374831836
608,300,105.00393993433954,35,1,0.050000000000000044,0.5977580286065738
609,300,84.95765120522535,17,1,0.050000000000000044,0.5899106009801229
610,300,42.578973198391616,0,0,0.050000000000000044,0.5753007581830025
611,300,89.43960207294421,29,1,0.050000000000000044,0.5683933995167414
612,300,114.46559409993242,49,1,0.050000000000000044,0.5827852051456769
613,300,36.408769064361934,3,1,0.050000000000000044,0.6102885525425276
614,300,113.37196222591861,28,1,0.050000000000000044,0.6144575890898705
615,300,11.580976022777609,0,0,0.050000000000000044,0.6022615963220597
616,300,31.802158648236755,0,0,0.050000000000000044,0.6518058464924494
617,300,57.597098278777,0,0,0.050000000000000044,0.662760084370772
618,300,36.54799661313309,0,0,0.050000000000000044,0.6720801172653834
619,300,92.73250128598852,32,1,0.050000000000000044,0.6643501941363017
620,300,12.188175625282701,0,0,0.050000000000000044,0.655704397559166
621,300,75.6286752705462,6,1,0.050000000000000044,0.6581259379784267
622,300,34.29955895130813,0,0,0.050000000000000044,0.6616691868503889
623,300,31.01699109291461,0,0,0.050000000000000044,0.6201312024394671
624,300,33.22286710492043,0,0,0.050000000000000044,0.6221766804655393
625,197,30.27663828737334,0,0,0.050000000000000044,0.6206888244841909
626,300,98.06266861682809,24,1,0.050000000000000044,0.6316311050454776
627,199,14.038786230952674,0,0,0.050000000000000044,0.6925419849067477
628,300,26.544119763271535,0,0,0.050000000000000044,0.6852733942866326
629,300,38.14693150597684,0,0,0.050000000000000044,0.6837723777691523
630,300,46.438893448936504,0,0,0.050000000000000044,0.7000144202510515
631,300,60.27076456858836,0,0,0.050000000000000044,0.7105476433038711
632,300,37.534139158695346,0,0,0.050000000000000044,0.7065374000867208
633,300,65.0626367491098,10,1,0.050000000000000044,0.7085833714405696
634,73,-0.1586486973470631,0,0,0.050000000000000044,0.7371820374710919
635,300,94.49247389007819,29,1,0.050000000000000044,0.721898752450943
636,300,24.8249235564899,0,0,0.050000000000000044,0.7258914572000503
637,283,15.161722317455556,0,0,0.050000000000000044,0.7099853070591027
638,300,84.01768400682467,11,1,0.050000000000000044,0.7265113439162573
639,300,92.8632736340061,25,1,0.050000000000000044,0.717913228670756
640,300,87.50277036717614,27,1,0.050000000000000044,0.7181023859977722
641,300,36.06384248137419,0,0,0.050000000000000044,0.7400664209326109
642,200,61.09308160091571,14,1,0.050000000000000044,0.7356244090199471
643,300,62.79556792661277,18,1,0.050000000000000044,0.7252098828554153
644,300,82.51667656892485,14,1,0.050000000000000044,0.747632220784823
645,300,117.59973911745672,43,1,0.050000000000000044,0.7704934891064962
646,108,7.7112285249024515,0,0,0.050000000000000044,0.7698814587460624
647,150,12.03976652110661,0,0,0.050000000000000044,0.7584361320734024
648,300,106.01404796787449,36,1,0.050000000000000044,0.7511041408777237
649,300,90.41756131550453,27,1,0.050000000000000044,0.7625791913270951
650,300,81.97314307856786,21,1,0.050000000000000044,0.7557917221387227
651,300,43.38479611182124,0,0,0.050000000000000044,0.7684495105346044
652,300,58.03271243482607,0,0,0.050000000000000044,0.759721089998881
653,300,95.42003389092736,28,1,0.050000000000000044,0.7654623260100683
654,300,36.860035618989194,0,0,0.050000000000000044,0.7662558464209238
655,300,88.1783104070629,11,1,0.050000000000000044,0.7592284502585729
656,300,94.29314148975217,27,1,0.050000000000000044,0.7871000630656878
657,300,90.42440000501783,25,1,0.050000000000000044,0.7753947945435842
658,300,109.7643641208686,30,1,0.050000000000000044,0.7733688826362292
659,300,127.68505112961114,30,1,0.050000000000000044,0.8177313987414042
660,165,22.07791371881957,0,0,0.050000000000000044,0.8554497270873098
661,300,76.69780637155561,17,1,0.050000000000000044,0.8289258827765783
662,300,93.38955965744981,9,1,0.050000000000000044,0.8448333197832107
663,300,111.86778869628932,28,1,0.050000000000000044,0.8347988351186116
664,300,50.80632237630109,0,0,0.050000000000000044,0.8248373754819234
665,300,75.6239644507355,19,1,0.050000000000000044,0.8222204226255417
666,300,91.78442780659611,28,1,0.050000000000000044,0.8315186580022176
667,300,57.75381610810377,0,0,0.050000000000000044,0.8291547874609629
668,300,31.247133422318598,0,0,0.050000000000000044,0.8362614764769872
669,300,74.34453429573952,14,1,0.050000000000000044,0.8235436954100926
670,300,46.712565086325164,0,0,0.050000000000000044,0.8911479161183039
671,300,44.21488487952857,0,0,0.050000000000000044,0.8858335077762604
672,300,102.18825721851606,17,1,0.050000000000000044,0.8847804500659306
673,300,94.51191154534602,27,1,0.050000000000000044,0.9280643552541733
674,300,107.31957699458074,37,1,0.050000000000000044,0.9242218254009883
675,300,109.07003548140594,35,1,0.050000000000000044,0.9127924344937006
676,182,32.574715525504004,0,0,0.050000000000000044,0.8890345345486651
677,300,40.33442680312168,0,0,0.050000000000000044,0.9216369726260503
678,300,86.91353004205942,20,1,0.050000000000000044,0.9167602735757828
679,277,19.992741733786318,0,0,0.050000000000000044,0.910804332378539
680,300,115.56678648970161,31,1,0.050000000000000044,0.9133114898204804
681,300,100.1147279621692,31,1,0.050000000000000044,0.9032344077030817
682,300,152.01085639506968,56,1,0.050000000000000044,0.895245780746142
683,300,94.47186323987977,30,1,0.050000000000000044,0.9334156807263693
684,300,113.56658105202195,33,1,0.050000000000000044,0.9774351795514424
685,300,117.04754657661367,35,1,0.050000000000000044,0.977959021727244
686,300,63.02245247649558,14,1,0.050000000000000044,0.9746987976630529
687,300,120.58059041393076,34,1,0.050000000000000044,1.0515899324417115
688,300,116.50006394132298,34,1,0.050000000000000044,1.0381069958209992
689,300,91.90933689632816,28,1,0.050000000000000044,1.0510227076212566
690,300,65.09816624852311,0,0,0.050000000000000044,1.033687234123548
691,300,32.284186123448684,0,0,0.050000000000000044,1.0159385579824447
692,300,68.3629679464338,0,0,0.050000000000000044,1.0224574440717697
693,300,102.94578209312196,26,1,0.050000000000000044,1.008171379963557
694,300,81.52528344053825,28,1,0.050000000000000044,0.9714899218082428
695,300,103.359883855417,30,1,0.050000000000000044,0.9686381189028422
696,300,94.85163139212854,29,1,0.050000000000000044,0.9701447333892187
697,300,85.5726957751068,25,1,0.050000000000000044,0.9802601889769236
698,300,109.96708332585202,29,1,0.050000000000000044,0.9716632803281148
699,300,96.03014467137979,32,1,0.050000000000000044,0.9891346244017283
700,300,38.08615524740489,0,0,0.050000000000000044,1.0408433876434962
701,103,-1.0106689713365422,0,0,0.050000000000000044,1.0368283553030884
702,300,167.29742891211282,48,1,0.050000000000000044,1.0562740806738535
703,300,107.52671777535781,35,1,0.050000000000000044,1.0450981054703394
704,300,91.00214849815428,23,1,0.050000000000000044,1.0247745074828465
705,300,54.4243558997541,0,0,0.050000000000000044,1.0150450485944749
706,300,85.46517669724881,23,1,0.050000000000000044,0.9960586806138356
707,300,94.09583183678542,31,1,0.050000000000000044,0.9993587366739909
708,300,51.88671436828298,9,1,0.050000000000000044,0.9506264764070511
709,300,96.83954962518301,28,1,0.050000000000000044,0.9524082503716151
710,300,98.06313212725598,29,1,0.050000000000000044,0.9725233066082001
711,300,107.2723238258802,34,1,0.050000000000000044,1.0640008397897085
712,300,43.10276179511696,0,0,0.050000000000000044,1.0708466802040737
713,300,138.34535830319552,52,1,0.050000000000000044,1.0533386715253195
714,300,83.00910931817377,14,1,0.050000000000000044,1.0891766659418742
715,300,90.0573334780593,25,1,0.050000000000000044,1.0946236006418864
716,300,95.37583824860263,29,1,0.050000000000000044,1.0870051294565202
717,300,93.74757612583072,23,1,0.050000000000000044,1.1166090796391168
718,300,77.52471574404773,7,1,0.050000000000000044,1.130897186199824
719,300,23.41582902996512,0,0,0.050000000000000044,1.1277814257144927
720,300,93.79242670273828,27,1,0.050000000000000044,1.1302471933762233
721,300,34.52077207543168,0,0,0.050000000000000044,1.0919565083583196
722,300,91.5763302203813,18,1,0.050000000000000044,1.0902092524369558
723,300,94.09471735250911,21,1,0.050000000000000044,1.1033933907747269
724,300,52.178785661747376,0,0,0.050000000000000044,1.1308448054393132
725,300,68.43835743591931,6,1,0.050000000000000044,1.1392652630805968
726,300,43.75338147027055,0,0,0.050000000000000044,1.1101491864522297
727,300,94.85564254753503,25,1,0.050000000000000044,1.1374215308825175
728,300,96.26435353915137,25,1,0.050000000000000044,1.1397327160835267
729,300,95.78657414232444,25,1,0.050000000000000044,1.1604840445518494
730,300,98.26746647084532,30,1,0.050000000000000044,1.1652396400769551
731,300,70.65181653281563,7,1,0.050000000000000044,1.1413528647025426
732,300,88.62918761295862,32,1,0.050000000000000044,1.1543228520949682
733,300,69.50775005995786,5,1,0.050000000000000044,1.1348590584596
734,300,91.93150404413664,30,1,0.050000000000000044,1.1411851928631465
735,300,46.8503185568891,0,0,0.050000000000000044,1.1590881164868672
736,300,92.17100095357364,28,1,0.050000000000000044,1.133323644598325
737,300,83.06696781867315,23,1,0.050000000000000044,1.1330372782548268
738,300,26.714150376558628,0,0,0.050000000000000044,1.0933177163203558
739,300,114.84842908955817,29,1,0.050000000000000044,1.0775908805926642
740,300,97.40503839307019,30,1,0.050000000000000044,1.099021167953809
741,300,96.68991356597067,39,1,0.050000000000000044,1.1774437097708383
742,300,89.92718273484633,21,1,0.050000000000000044,1.162022699515025
743,300,97.5233355264682,25,1,0.050000000000000044,1.1643867607911427
744,300,63.89876195469214,0,0,0.050000000000000044,1.1419865649938583
745,300,62.920710309964996,10,1,0.050000000000000044,1.1175752286116283
746,300,97.41228109005085,24,1,0.050000000000000044,1.1264649204413095
747,300,90.75517247313753,26,1,0.050000000000000044,1.1258511998256047
748,136,-1.8846065888883086,0,0,0.050000000000000044,1.1652527530403698
749,300,91.15811700547765,21,1,0.050000000000000044,1.159705007870992
750,300,79.30809665582204,13,1,0.050000000000000044,1.145321900645892
751,300,103.57944149020933,35,1,0.050000000000000044,1.2363358382383982
752,171,3.808781069230978,0,0,0.050000000000000044,1.3133416395438344
753,300,28.05129343192707,0,0,0.050000000000000044,1.3029547955592473
754,300,124.27022409486162,38,1,0.050000000000000044,1.2836300847927729
755,300,64.55505652448997,0,0,0.050000000000000044,1.2721038989226023
756,300,100.55394879545706,31,1,0.050000000000000044,1.2902645657459895
757,300,98.80914317106456,28,1,0.050000000000000044,1.282410567800204
758,300,88.31194068881642,22,1,0.050000000000000044,1.2733913787206015
759,300,131.56956512420584,44,1,0.050000000000000044,1.247335408727328
760,49,-3.1674060349647646,0,0,0.050000000000000044,1.29147021867791
761,300,77.22052408176097,14,1,0.050000000000000044,1.2648071602980295
762,300,100.61285461844592,31,1,0.050000000000000044,1.252179687420527
763,300,70.97224473535562,24,1,0.050000000000000044,1.2845486454168955
764,300,26.255103179307376,0,0,0.050000000000000044,1.286918311516444
765,300,103.78661235649571,23,1,0.050000000000000044,1.2804628968238831
766,300,32.71923077947074,0,0,0.050000000000000044,1.263419567346573
767,300,89.2557047540412,17,1,0.050000000000000044,1.2813902205228807
768,300,109.9534505934532,27,1,0.050000000000000044,1.263110332886378
769,108,-2.681322348974994,0,0,0.050000000000000044,1.2380253860244044
770,300,90.99022384156076,25,1,0.050000000000000044,1.2969701528549193
771,300,21.715276236596985,0,0,0.050000000000000044,1.2887564023335776
772,300,128.674312595417,43,1,0.050000000000000044,1.2751936841011047
773,300,54.33102568112695,0,0,0.050000000000000044,1.2441665625572205
774,300,88.23753392159286,17,1,0.050000000000000044,1.2238152809937795
775,300,92.96769512558647,19,1,0.050000000000000044,1.244385898311933
776,300,144.1529140512903,51,1,0.050000000000000044,1.22253755013148
777,109,4.789939332086603,0,0,0.050000000000000044,1.2418217768362902
778,300,86.32806047021472,18,1,0.050000000000000044,1.223947538336118
779,196,48.820321549389206,0,0,0.050000000000000044,1.2323503621986933
780,300,96.66402742428144,25,1,0.050000000000000044,1.2223335802555084
781,300,116.36938656846358,40,1,0.050000000000000044,1.3089656804005305
782,300,47.755715369816684,0,0,0.050000000000000044,1.3219164194663366
783,300,93.6371972845437,23,1,0.050000000000000044,1.3039155302445093
784,300,107.49740750302136,34,1,0.050000000000000044,1.3210847008228301
785,300,101.64332555356187,27,1,0.050000000000000044,1.3265068793296815
786,188,-1.6177947985597645,0,0,0.050000000000000044,1.3432589493533398
787,300,106.36848343502484,32,1,0.050000000000000044,1.320395618279775
788,300,91.75840238591653,0,0,0.050000000000000044,1.2974146068096162
789,300,112.8168093601602,20,1,0.050000000000000044,1.2778298250834148
790,300,110.95333296912298,25,1,0.050000000000000044,1.2860580106576285
791,43,-3.3868410910512647,0,0,0.050000000000000044,1.2828623555427374
792,300,27.210949408785627,0,0,0.050000000000000044,1.2652150450150172
793,300,84.97541062970352,17,1,0.050000000000000044,1.2222871073087056
794,300,93.95895917217722,28,1,0.050000000000000044,1.228370888630549
795,300,91.85413484730438,38,1,0.050000000000000044,1.2303016352653504
796,300,93.45395644013126,30,1,0.050000000000000044,1.281633933186531
797,300,96.22426814298021,31,1,0.050000000000000044,1.2836439098914465
798,300,91.48008956277272,11,1,0.050000000000000044,1.2804503573973973
799,300,108.64730608339826,32,1,0.050000000000000044,1.3571107562383016
800,300,114.68280753939833,35,1,0.050000000000000044,1.3366531389951706
801,300,109.80928803857113,31,1,0.050000000000000044,1.3551744838555655
802,176,8.405563674930434,0,0,0.050000000000000044,1.3150678774849935
803,300,70.11849439538021,0,0,0.050000000000000044,1.307893976767858
804,250,82.04050393042142,28,1,0.050000000000000044,1.2965040760040283
805,300,95.65512056423195,17,1,0.050000000000000044,1.2856837624311448
806,300,92.98111959779362,14,1,0.050000000000000044,1.2777541613578796
807,300,81.86897596721765,16,1,0.050000000000000044,1.2694022772709528
808,300,135.9442452220969,39,1,0.050000000000000044,1.250437818566958
809,300,91.21218411825353,23,1,0.050000000000000044,1.2826723051071167
810,300,96.1879996013049,19,1,0.050000000000000044,1.3582233158747354
811,300,87.44035415383969,26,1,0.050000000000000044,1.3335284966230392
812,300,102.77663765116623,32,1,0.050000000000000044,1.3233721035718917
813,300,122.30089502354666,43,1,0.050000000000000044,1.2938189299901326
814,300,106.24314160665874,28,1,0.050000000000000044,1.279103563427925
815,300,7.934676146818659,0,0,0.050000000000000044,1.2990508784850439
816,300,91.82641220818994,27,1,0.050000000000000044,1.3096132765213648
817,215,26.299748174988565,0,0,0.050000000000000044,1.2983418170795884
818,300,99.12322101682696,29,1,0.050000000000000044,1.3188668390115101
819,126,9.564287755406749,0,0,0.050000000000000044,1.2800018106188094
820,300,94.66670782672983,30,1,0.050000000000000044,1.353272682229678
821,300,93.58982991053581,26,1,0.050000000000000044,1.3326528950532277
822,234,18.756432614652418,0,0,0.050000000000000044,1.3568864551364865
823,133,13.929562377384409,0,0,0.050000000000000044,1.3604452542792587
824,300,109.02520914671665,34,1,0.050000000000000044,1.3876370386282604
825,300,67.57433186350562,0,0,0.050000000000000044,1.4448024892807008
826,300,109.31549463594308,37,1,0.050000000000000044,1.4317502681414287
827,300,82.75333978819182,18,1,0.050000000000000044,1.4275514207283655
828,300,99.12773780378612,21,1,0.050000000000000044,1.4218535164992014
829,300,98.43781181144283,11,1,0.050000000000000044,1.394786800146103
830,161,28.444745470859772,0,0,0.050000000000000044,1.395326194555863
831,143,4.1362958416125135,0,0,0.050000000000000044,1.4118598349444516
832,29,-3.9398823812710573,0,0,0.050000000000000044,1.404317124136563
833,153,5.008155868276791,0,0,0.050000000000000044,1.4424915730563643
834,300,104.92434754481275,30,1,0.050000000000000044,1.4489169172445933
835,214,31.21110640904406,0,0,0.050000000000000044,1.4378568499444802
836,300,113.4690744372334,39,1,0.050000000000000044,1.4332216664155324
837,145,8.625719113638155,0,0,0.050000000000000044,1.4901317004499763
838,36,-3.513517003842745,0,0,0.050000000000000044,1.5520892077022128
839,242,85.05099400417735,29,1,0.050000000000000044,1.5264178095770276
840,300,114.29548079576067,43,1,0.050000000000000044,1.5228103641668955
841,300,103.9330709768661,30,1,0.050000000000000044,1.5442722511291505
842,300,80.64338754732006,14,1,0.050000000000000044,1.6487478172779084
843,185,-2.1633229125756253,0,0,0.050000000000000044,1.6347123300707018
844,300,81.98219474635597,21,1,0.050000000000000044,1.6036958372592927
845,300,108.51376577140137,21,1,0.050000000000000044,1.5983506751060486
846,300,86.71991561544618,20,1,0.050000000000000044,1.5366783221562703
847,300,96.72832456804416,28,1,0.050000000000000044,1.5078116532166799
848,190,30.287986701962897,0,0,0.050000000000000044,1.5395500019976966
849,300,94.67859554743437,30,1,0.050000000000000044,1.5117851281166077
850,300,106.70717499479042,32,1,0.050000000000000044,1.5166637841860453
851,300,77.85209427947719,2,1,0.050000000000000044,1.480047572851181
852,300,94.68226525769005,27,1,0.050000000000000044,1.4991395894686381
853,300,96.62695907642109,28,1,0.050000000000000044,1.5092780510584514
854,300,105.06344298347184,32,1,0.050000000000000044,1.476007229089737
855,152,1.4617070802369536,0,0,0.050000000000000044,1.4858938471267098
856,300,97.70832223061159,32,1,0.050000000000000044,1.4510351447264354
857,300,96.75374632428655,23,1,0.050000000000000044,1.4262133544683457
858,300,98.90604568923135,33,1,0.050000000000000044,1.4033991126219432
859,137,22.186043030105377,0,0,0.050000000000000044,1.3948436496901686
860,53,-2.8287590716648836,0,0,0.050000000000000044,1.4085313925203287
861,127,0.3563919254835133,0,0,0.050000000000000044,1.4326673699176218
862,300,113.69083001988443,36,1,0.050000000000000044,1.4139472047487895
863,300,77.32811497791268,12,1,0.050000000000000044,1.4338286101818085
864,94,5.677555286010791,0,0,0.050000000000000044,1.4266597095956193
865,46,-2.2825264609348266,0,0,0.050000000000000044,1.387953703818114
866,104,5.6840965430274855,0,0,0.050000000000000044,1.4445195513275952
867,245,28.891764034244027,0,0,0.050000000000000044,1.4428092255884288
868,300,104.13756679212493,19,1,0.050000000000000044,1.4498174385229747
869,300,116.16550617552424,41,1,0.050000000000000044,1.4297291147708893
870,300,127.03683415851144,41,1,0.050000000000000044,1.4350170544783274
871,300,85.7276629927057,16,1,0.050000000000000044,1.4249235834678013
872,209,1.4164538550226329,0,0,0.050000000000000044,1.3859457487694955
873,193,33.038608022269045,0,0,0.050000000000000044,1.3684891848366496
874,94,2.2386258501757297,0,0,0.050000000000000044,1.3907211816057246
875,300,102.53184530446588,17,1,0.050000000000000044,1.4279892867803574
876,300,83.7836665063993,22,1,0.050000000000000044,1.4530621931950252
877,211,79.99279882110099,29,1,0.050000000000000044,1.428147708352708
878,162,16.22619955229061,0,0,0.050000000000000044,1.4143254260222118
879,300,97.49602337747041,23,1,0.050000000000000044,1.4207290023565293
880,122,10.764189098461664,0,0,0.050000000000000044,1.423793009558662
881,126,12.456185844159862,0,0,0.050000000000000044,1.4247911421079484
882,169,27.865399708681817,0,0,0.050000000000000044,1.4066821470768494
883,63,-0.6997548960577644,0,0,0.050000000000000044,1.4352240723276894
884,300,109.03835881610532,33,1,0.050000000000000044,1.4027574759721757
885,189,19.9179917231901,0,0,0.050000000000000044,1.3840551120894296
886,300,73.53328318536373,0,0,0.050000000000000044,1.4213024260600409
887,300,98.68765102565662,31,1,0.050000000000000044,1.4130484867095947
888,300,105.78609187926787,31,1,0.050000000000000044,1.4270894547303519
889,300,83.09636197452276,16,1,0.050000000000000044,1.501003667116165
890,267,83.4638057631096,27,1,0.050000000000000044,1.5169077138329266
891,111,-0.9739145128372457,0,0,0.050000000000000044,1.5257604857822795
892,300,90.25206044189444,17,1,0.050000000000000044,1.4812160873413085
893,300,95.29927517806763,28,1,0.050000000000000044,1.4588973693052927
894,300,139.06358465787955,46,1,0.050000000000000044,1.408288629849752
895,300,115.6780689208649,31,1,0.050000000000000044,1.438920947710673
896,128,6.27633552535131,0,0,0.050000000000000044,1.447221358306706
897,300,86.04541538698881,20,1,0.050000000000000044,1.4470512354373932
898,98,2.0101352845842486,0,0,0.050000000000000044,1.4238902415548051
899,300,16.13916409479741,0,0,0.050000000000000044,1.4320345481236776
900,300,81.26194134305004,14,1,0.050000000000000044,1.456112534602483
901,300,109.17564586674887,28,1,0.050000000000000044,1.4980228670438132
902,182,10.51578956747008,0,0,0.050000000000000044,1.4781166491927682
903,213,15.365799889994221,0,0,0.050000000000000044,1.4838588965330886
904,300,91.9584934401142,17,1,0.050000000000000044,1.4972010997931162
905,300,102.90028380266885,31,1,0.050000000000000044,1.480268541177114
906,300,81.87872312182517,14,1,0.050000000000000044,1.4566676849126816
907,238,77.95756526787477,25,1,0.050000000000000044,1.46242997325769
908,300,101.33189131119755,30,1,0.050000000000000044,1.4878762869040172
909,251,14.368234746015453,0,0,0.050000000000000044,1.43962697156397
910,300,90.95414921907698,31,1,0.050000000000000044,1.4448877427975337
911,284,68.40085829491763,14,1,0.050000000000000044,1.4254836242803386
912,179,0.540119569394089,0,0,0.050000000000000044,1.4438832811803126
913,103,9.114037054246454,0,0,0.050000000000000044,1.4717845257046154
914,300,40.53401145782309,0,0,0.050000000000000044,1.471699777642886
915,300,106.06414740058352,32,1,0.050000000000000044,1.455080043276151
916,300,102.10390271423303,33,1,0.050000000000000044,1.4413196138540905
917,167,17.891397716126697,0,0,0.050000000000000044,1.4688418885904873
918,300,94.76137584062668,15,1,0.050000000000000044,1.4540148131052653
919,94,-0.5642233894537165,0,0,0.050000000000000044,1.4232541233935254
920,109,5.255740979231742,0,0,0.050000000000000044,1.4506614443359025
921,100,7.935540948288047,0,0,0.050000000000000044,1.4399632108211518
922,300,104.68595935953387,33,1,0.050000000000000044,1.478080289165179
923,120,4.254605903651109,0,0,0.050000000000000044,1.5007060507933299
924,296,66.38180627758744,18,1,0.050000000000000044,1.498631734098937
925,300,117.30790068869139,40,1,0.050000000000000044,1.4949306422472
926,300,113.48649343133997,28,1,0.050000000000000044,1.5087773052851359
927,300,116.77167396862872,42,1,0.050000000000000044,1.519297371308009
928,245,10.270956952899056,0,0,0.050000000000000044,1.5222604323406608
929,300,88.7922910704872,30,1,0.050000000000000044,1.531769817272822
930,197,44.41446361914042,0,0,0.050000000000000044,1.4348752707394246
931,300,72.29128064080284,0,0,0.050000000000000044,1.4331557106971742
932,51,-2.6360399266329764,0,0,0.050000000000000044,1.4893175667407466
933,187,21.65895744000011,0,0,0.050000000000000044,1.4473843660584107
934,300,92.28854485775648,29,1,0.050000000000000044,1.4399588084220887
935,300,89.33217489740736,26,1,0.050000000000000044,1.5119701381524404
936,300,97.38940288733468,22,1,0.050000000000000044,1.4726228161652883
937,300,47.63342374281854,0,0,0.050000000000000044,1.4991651769479115
938,300,94.03350267062612,31,1,0.050000000000000044,1.5041368009646734
939,300,112.03146960170034,39,1,0.050000000000000044,1.4684548219045004
940,300,107.40109430410084,38,1,0.050000000000000044,1.457031039794286
941,121,5.124258768399746,0,0,0.050000000000000044,1.4795602008330921
942,169,6.385545451072615,0,0,0.050000000000000044,1.462839008083005
943,300,113.46680373430088,35,1,0.050000000000000044,1.4785084267457327
944,300,105.01698677650538,29,1,0.050000000000000044,1.476523665189743
945,300,119.7029036665272,39,1,0.050000000000000044,1.4610101385911305
946,98,7.228680209846348,0,0,0.050000000000000044,1.4423163581867606
947,189,4.548687103666272,0,0,0.050000000000000044,1.407637843379268
948,300,80.10895729661485,19,1,0.050000000000000044,1.4376869944731394
949,300,93.539937381681,21,1,0.050000000000000044,1.4151357320944469
950,300,71.89043940205799,0,0,0.050000000000000044,1.4578969585895538
951,300,36.90613805312461,0,0,0.050000000000000044,1.441255375345548
952,300,101.58559881072652,21,1,0.050000000000000044,1.4433527465661367
953,300,121.19754625568861,38,1,0.050000000000000044,1.4413643618424734
954,300,109.29660703091132,34,1,0.050000000000000044,1.466301614443461
955,300,109.87625266428381,34,1,0.050000000000000044,1.4409578327337902
956,300,114.55765489790643,40,1,0.050000000000000044,1.477269510825475
957,300,120.60447403555051,34,1,0.050000000000000044,1.4966525322198867
958,300,51.113012600125494,0,0,0.050000000000000044,1.4987463875611624
959,300,93.57577031720123,32,1,0.050000000000000044,1.4973692075411478
960,300,86.97044203082022,29,1,0.050000000000000044,1.4302721681197483
961,111,4.537690153667354,0,0,0.050000000000000044,1.4286325369869266
962,300,61.31415177726321,0,0,0.050000000000000044,1.4284000152349472
963,300,93.17710852220317,18,1,0.050000000000000044,1.4373735686143239
964,300,37.428662330467844,0,0,0.050000000000000044,1.449621880253156
965,300,72.19134060232817,0,0,0.050000000000000044,1.436840470234553
966,300,83.01164675006878,25,1,0.050000000000000044,1.41681083381176
967,300,119.7769655385189,39,1,0.050000000000000044,1.4624259400367736
968,300,89.12712600631659,23,1,0.050000000000000044,1.4932535902659099
969,300,61.95348067267651,0,0,0.050000000000000044,1.447903096874555
970,300,69.91236582648236,0,0,0.050000000000000044,1.4899198361237844
971,300,67.68607662500938,0,0,0.050000000000000044,1.511242257754008
972,300,108.82983471736993,38,1,0.050000000000000044,1.5446777633825939
973,203,74.76040699996823,26,1,0.050000000000000044,1.5079239075407018
974,300,109.54416905995733,34,1,0.050000000000000044,1.5411426615715027
975,300,20.168008685817814,0,0,0.050000000000000044,1.502961166302363
976,300,86.04003370795496,23,1,0.050000000000000044,1.5266597553094228
977,179,24.20666185609291,0,0,0.050000000000000044,1.5025268080514236
978,94,2.894842025940993,0,0,0.050000000000000044,1.5036020101384913
979,300,102.18762746386624,32,1,0.050000000000000044,1.5474874770641327
980,178,25.356210103630207,0,0,0.050000000000000044,1.5239656125561576
981,300,93.08145475250988,23,1,0.050000000000000044,1.5391096735000611
982,171,13.929930979583318,0,0,0.050000000000000044,1.5120309298498589
983,81,3.0600666496200386,0,0,0.050000000000000044,1.521409507886863
984,300,46.13542811907649,0,0,0.050000000000000044,1.4947173019250235
985,300,63.18543436132524,0,0,0.050000000000000044,1.499507840871811
986,300,111.49963246178936,23,1,0.050000000000000044,1.4948155291875203
987,62,-1.7147248283766747,0,0,0.050000000000000044,1.505394083838309
988,300,105.0200491375445,31,1,0.050000000000000044,1.5356360467274983
989,98,6.181964990187925,0,0,0.050000000000000044,1.527953830300545
990,300,118.57554462957502,36,1,0.050000000000000044,1.5156700772047043
991,300,103.58492815077459,36,1,0.050000000000000044,1.5299570254484813
992,162,23.51659359910405,0,0,0.050000000000000044,1.5472218247107516
993,300,101.80525030559068,31,1,0.050000000000000044,1.5266757569710414
994,300,113.79260909513212,40,1,0.050000000000000044,1.5245310646295547
995,300,44.17930716342033,0,0,0.050000000000000044,1.5436717327435812
996,110,11.891403133795833,0,0,0.050000000000000044,1.580839373848655
997,111,3.687783697592753,0,0,0.050000000000000044,1.5541235949542072
998,300,102.34173157690405,36,1,0.050000000000000044,1.5533651226758958
999,254,85.78033557166555,31,1,0.050000000000000044,1.5599943124872493
1000,300,53.73898971595949,0,0,0.050000000000000044,1.5509998933474223
1001,300,113.26772074753042,38,1,0.050000000000000044,1.5236394679546357
1002,300,137.31047782583448,44,1,0.050000000000000044,1.53186494410038
1003,300,104.89593894265839,21,1,0.050000000000000044,1.5399189992745717
1004,300,41.896434569308454,0,0,0.050000000000000044,1.571189422607422
1005,199,71.35269664697996,26,1,0.050000000000000044,1.5670400857925415
1006,300,81.85187612752239,14,1,0.050000000000000044,1.5631049255530038
1007,300,71.65466138154503,0,0,0.050000000000000044,1.552770886818568
1008,199,64.73143193430079,22,1,0.050000000000000044,1.5176356518687915
1009,143,27.51620147184364,0,0,0.050000000000000044,1.5378695668040456
1010,300,131.51883072726156,47,1,0.050000000000000044,1.5413615536689758
1011,148,23.280866484197258,0,0,0.050000000000000044,1.5973772865694922
1012,300,112.86717289031989,31,1,0.050000000000000044,1.5491545899709065
1013,237,11.88005704447005,0,0,0.050000000000000044,1.5661572630395366
1014,300,103.4156135604854,22,1,0.050000000000000044,1.5544825899600982
1015,98,5.914711144451665,0,0,0.050000000000000044,1.5288995188109729
1016,112,9.81571984420837,0,0,0.050000000000000044,1.5478259729487556
1017,300,105.8207099637005,35,1,0.050000000000000044,1.5840951414903004
1018,300,160.53066991998136,72,1,0.050000000000000044,1.5786624467372894
1019,300,106.01506050203658,33,1,0.050000000000000044,1.6141998966534932
1020,89,3.1753794713070436,0,0,0.050000000000000044,1.6083258631524076
1021,300,106.07018673866237,30,1,0.050000000000000044,1.5597130318482717
1022,300,130.22297666630126,35,1,0.050000000000000044,1.5773964095115662
1023,300,114.55725704402778,29,1,0.050000000000000044,1.5669403727849325
1024,300,63.81346768609885,0,0,0.050000000000000044,1.5252152820428213
1025,228,80.96203171024148,30,1,0.050000000000000044,1.5156066935313375
1026,300,47.11208976690663,0,0,0.050000000000000044,1.50137690782547
1027,300,99.32663814996008,24,1,0.050000000000000044,1.4932237414518992
1028,300,75.05080895982539,0,0,0.050000000000000044,1.586194616953532
1029,300,56.037774540384014,0,0,0.050000000000000044,1.5624520921707152
1030,300,100.00392880237222,36,1,0.050000000000000044,1.5776825841267903
1031,300,32.05088619662682,0,0,0.050000000000000044,1.597614955107371
1032,55,-2.219782752795405,0,0,0.050000000000000044,1.6252684983340178
1033,300,37.176679904321816,0,0,0.050000000000000044,1.595926702817281
1034,295,1.3759960205407262,0,0,0.050000000000000044,1.6000639151718656
1035,300,137.76855947096445,45,1,0.050000000000000044,1.5516322648525238
1036,300,104.94201897261739,22,1,0.050000000000000044,1.5160619374116262
1037,300,134.29755068829664,37,1,0.050000000000000044,1.5329382050037383
1038,300,100.06159000914863,28,1,0.050000000000000044,1.5152899885177613
1039,300,64.68224111124894,0,0,0.050000000000000044,1.5079395473003387
1040,300,28.071076124849935,0,0,0.050000000000000044,1.4803158601125082
1041,300,112.30659855479145,29,1,0.050000000000000044,1.5105831789970399
1042,300,66.34829218061482,0,0,0.050000000000000044,1.5590938786665598
1043,282,22.67134660915884,0,0,0.050000000000000044,1.5746015724560893
1044,300,33.341664978197365,0,0,0.050000000000000044,1.563163904349009
1045,300,90.58108919826995,29,1,0.050000000000000044,1.5156103599071502
1046,150,17.656917263676377,0,0,0.050000000000000044,1.5141119027137757
1047,86,1.1917459285427503,0,0,0.050000000000000044,1.4633904667787774
1048,300,93.92812939914027,29,1,0.050000000000000044,1.4699138339360556
1049,300,93.27897393956336,26,1,0.050000000000000044,1.5026088706652323
1050,300,59.75679017538364,0,0,0.050000000000000044,1.468827096025149
1051,300,97.60649798698736,6,1,0.050000000000000044,1.4639641243219375
1052,300,92.56449875030356,20,1,0.050000000000000044,1.4753912029663723
1053,300,93.66211445608013,27,1,0.050000000000000044,1.4768044515450796
1054,300,85.01126534339897,0,0,0.050000000000000044,1.469164406855901
1055,300,114.38803058362775,29,1,0.050000000000000044,1.486632209221522
1056,300,80.28937200077199,16,1,0.050000000000000044,1.4594408291578294
1057,300,86.9035653757212,24,1,0.050000000000000044,1.4779844778776168
1058,300,111.21302402121432,39,1,0.050000000000000044,1.498882182041804
1059,300,116.96852016130363,35,1,0.050000000000000044,1.4533509802818299
1060,45,-3.09064400621656,0,0,0.050000000000000044,1.488856652047899
1061,108,5.2296997150357765,0,0,0.050000000000000044,1.4926404058933258
1062,164,17.62196209786973,0,0,0.050000000000000044,1.4840122552179709
1063,263,85.02305775692038,30,1,0.050000000000000044,1.4886381113937146
1064,137,17.80012836030901,0,0,0.050000000000000044,1.4691585071765594
1065,300,7.863218002089644,0,0,0.050000000000000044,1.4978549200296403
1066,300,89.27658360167648,0,0,0.050000000000000044,1.5235038582483929
1067,300,106.30366207092067,29,1,0.050000000000000044,1.5300187691052756
1068,300,89.54748355739862,0,0,0.050000000000000044,1.5063850788275401
1069,271,59.19033397861084,0,0,0.050000000000000044,1.4631198811794999
1070,89,6.5602142059008415,0,0,0.050000000000000044,1.458595633506775
1071,300,94.43454222285875,0,0,0.050000000000000044,1.4356054212649663
1072,300,133.48130119918497,65,1,0.050000000000000044,1.44173725883166
1073,300,61.468119185327524,0,0,0.050000000000000044,1.431258149345716
1074,300,64.62056344634803,8,1,0.050000000000000044,1.3910690850019456
1075,300,45.41429009072058,0,0,0.050000000000000044,1.4124479458729426
1076,300,48.424272409687156,0,0,0.050000000000000044,1.4322764052947363
1077,300,83.41929722666899,0,0,0.050000000000000044,1.4865703920523325
1078,51,-2.8434002604980377,0,0,0.050000000000000044,1.469824748880723
1079,300,44.964634729743764,0,0,0.050000000000000044,1.4836657629410426
1080,300,53.11233899731351,0,0,0.050000000000000044,1.4962015688419341
1081,300,100.57584936277287,26,1,0.050000000000000044,1.5147369329134623
1082,300,115.3200822105105,41,1,0.050000000000000044,1.5078395692507427
1083,300,77.88097850373094,0,0,0.050000000000000044,1.527061316172282
1084,300,51.29015718531768,0,0,0.050000000000000044,1.4972937909762065
1085,300,83.7178665362141,0,0,0.050000000000000044,1.4934881087144216
1086,149,9.880095065751718,0,0,0.050000000000000044,1.4770854303500796
1087,300,94.39592033711061,0,0,0.050000000000000044,1.4729770533243816
1088,72,0.8252735310086639,0,0,0.050000000000000044,1.5229246649477217
1089,300,45.83007520858134,0,0,0.050000000000000044,1.494523706237475
1090,300,119.2025228234779,43,1,0.050000000000000044,1.4774282024304073
1091,300,123.09580476323511,35,1,0.050000000000000044,1.4869175189733506
1092,300,126.87514390079373,39,1,0.050000000000000044,1.498304135799408
1093,300,70.12723671368252,0,0,0.050000000000000044,1.4946412444114685
1094,300,206.5662534984592,124,1,0.050000000000000044,1.500984987815221
1095,300,127.3107758166723,28,1,0.050000000000000044,1.5083031797409057
1096,300,60.88230492204983,0,0,0.050000000000000044,1.5167430822054546
1097,300,92.8912297880856,21,1,0.050000000000000044,1.5644406203428904
1098,300,102.27066302147442,30,1,0.050000000000000044,1.528929139773051
1099,104,10.472054676384326,0,0,0.050000000000000044,1.5032103680647337
1100,300,107.98238547016156,29,1,0.050000000000000044,1.4981145830949147
1101,56,-2.2619516989273154,0,0,0.050000000000000044,1.4639142730406352
1102,300,13.903488906620378,0,0,0.050000000000000044,1.5207669577995937
1103,198,13.05141240314249,0,0,0.050000000000000044,1.515615944308464
1104,300,56.88894289836322,0,0,0.050000000000000044,1.4775723910331726
1105,300,93.79652052703008,16,1,0.050000000000000044,1.4969518254200618
1106,300,83.54934708169253,0,0,0.050000000000000044,1.4883095304171243
1107,300,71.93816557220474,5,1,0.050000000000000044,1.527461111942927
1108,300,114.21775839494495,28,1,0.050000000000000044,1.551781370639801
1109,300,70.06584712059355,0,0,0.050000000000000044,1.5288506213823954
1110,300,92.20960116323735,0,0,0.050000000000000044,1.54025355219841
1111,300,107.5136959810589,24,1,0.050000000000000044,1.5755671576658885
1112,300,76.84821308687555,0,0,0.050000000000000044,1.5719085892041524
1113,33,-3.5545679934612235,0,0,0.050000000000000044,1.5443983872731526
1114,143,22.809596765285146,0,0,0.050000000000000044,1.5964272872551337
1115,300,125.65460134153136,46,1,0.050000000000000044,1.5654796850681305
1116,300,44.82359557523,0,0,0.050000000000000044,1.5795993236700694
1117,300,89.23494311978575,29,1,0.050000000000000044,1.5698416817188263
1118,300,109.44804576968774,28,1,0.050000000000000044,1.5677631163597108
1119,300,124.55571430821662,40,1,0.050000000000000044,1.5672675712903341
1120,98,7.094144721754839,0,0,0.050000000000000044,1.5535885630821695
1121,300,124.83977324275364,40,1,0.050000000000000044,1.583840288321177
1122,300,71.05366091071421,0,0,0.050000000000000044,1.5837299992640814
1123,152,6.1801554894214625,0,0,0.050000000000000044,1.5757474036593186
1124,300,105.72988224913342,30,1,0.050000000000000044,1.6095955010255178
1125,300,127.70124417642786,32,1,0.050000000000000044,1.6166365909576417
1126,300,102.52429632170694,25,1,0.050000000000000044,1.6490017481644947
1127,300,112.53174482325676,34,1,0.050000000000000044,1.6590054607391358
1128,300,42.32366362999813,0,0,0.050000000000000044,1.6252659340699513
1129,300,25.862322985504537,0,0,0.050000000000000044,1.6100375974178314
1130,300,51.13448765856316,0,0,0.050000000000000044,1.62705517133077
1131,300,101.26880376090052,29,1,0.050000000000000044,1.615879457394282
1132,300,78.40233364236664,0,0,0.050000000000000044,1.6165069834391277
1133,116,5.605419877014404,0,0,0.050000000000000044,1.6146162594186848
1134,300,45.06400958301431,0,0,0.050000000000000044,1.5569934892654418
1135,52,-1.8009371818850854,0,0,0.050000000000000044,1.6190577562038715
1136,101,-0.9755650955496185,0,0,0.050000000000000044,1.5742569837239708
1137,300,89.32115010844036,15,1,0.050000000000000044,1.550355621377627
1138,300,63.63748542184422,0,0,0.050000000000000044,1.5775440247853596
1139,300,49.13798758345859,0,0,0.050000000000000044,1.6349030760924022
1140,300,60.59341696424611,0,0,0.050000000000000044,1.6254784635702768
1141,300,116.77817888657496,30,1,0.050000000000000044,1.6180215640862783
1142,300,112.93710235828398,24,1,0.050000000000000044,1.6193550729751587
1143,300,106.55269899978985,31,1,0.050000000000000044,1.6275254503885905
1144,300,118.86976489453298,47,1,0.050000000000000044,1.644890967210134
1145,300,107.5624546397014,28,1,0.050000000000000044,1.615656345685323
1146,300,61.3581648916387,0,0,0.050000000000000044,1.6034717226028443
1147,300,39.669113463781386,0,0,0.050000000000000044,1.5735469686985015
1148,300,33.23273572814946,0,0,0.050000000000000044,1.5855879509449005
1149,300,49.98396563355699,0,0,0.050000000000000044,1.5480491801102956
1150,300,106.33596085337258,30,1,0.050000000000000044,1.5538826302687327
1151,300,58.17015521885527,0,0,0.050000000000000044,1.5452030483881634
1152,300,55.65610645600441,0,0,0.050000000000000044,1.5982311073939006
1153,300,56.33486761063236,0,0,0.050000000000000044,1.601138286193212
1154,300,69.13376342242803,0,0,0.050000000000000044,1.5889167428016662
1155,300,57.111436647752,0,0,0.050000000000000044,1.588874060312907
1156,300,56.99605105955397,0,0,0.050000000000000044,1.5764790685971577
1157,300,46.30938877589769,0,0,0.050000000000000044,1.5857059613863627
1158,300,123.30600318685138,39,1,0.050000000000000044,1.5644081354141235
1159,300,65.50885271187391,0,0,0.050000000000000044,1.5437599138418834
1160,300,59.30025675616262,0,0,0.050000000000000044,1.5257699608802795
1161,300,45.27334681262491,0,0,0.050000000000000044,1.5341182523965835
1162,300,48.94012128709113,0,0,0.050000000000000044,1.5231604095300038
1163,115,9.980167304453058,0,0,0.050000000000000044,1.4931420450625212
1164,300,57.92347689705796,0,0,0.050000000000000044,1.4887941336631776
1165,300,53.22585217018156,0,0,0.050000000000000044,1.502101442416509
1166,300,74.11450185517464,0,0,0.050000000000000044,1.5227949895461401
1167,300,179.11888866935567,81,1,0.050000000000000044,1.5129280904928843
1168,300,142.5827509634285,64,1,0.050000000000000044,1.5005268581708273
1169,300,80.23118501985782,0,0,0.050000000000000044,1.506764709154765
1170,300,50.996210899339765,0,0,0.050000000000000044,1.5173167888323467
1171,300,58.32569372879808,0,0,0.050000000000000044,1.4918881380558013
1172,300,54.21799204807892,0,0,0.050000000000000044,1.5160881686210632
1173,300,56.25831076255477,0,0,0.050000000000000044,1.456643240849177
1174,300,46.70081032709712,0,0,0.050000000000000044,1.4810003980000814
1175,300,119.95862712597685,33,1,0.050000000000000044,1.4564865807692209
1176,300,63.24291113860597,0,0,0.050000000000000044,1.4522886673609416
1177,300,100.65329976387207,30,1,0.050000000000000044,1.4519357738892238
1178,300,59.068391110826425,0,0,0.050000000000000044,1.4670639181137084
1179,300,110.26612793178673,20,1,0.050000000000000044,1.4872878936926524
1180,300,127.87032953968475,28,1,0.050000000000000044,1.484391610622406
1181,300,131.89161968052957,41,1,0.050000000000000044,1.5064978981018067
1182,300,130.0714877807443,32,1,0.050000000000000044,1.5163778682549796
1183,300,253.04450526506372,154,1,0.050000000000000044,1.5013500891129177
1184,300,105.04235459431271,0,0,0.050000000000000044,1.526456059217453
1185,300,109.50951430044981,31,1,0.050000000000000044,1.5143941100438436
1186,300,40.97425879994737,0,0,0.050000000000000044,1.5357502206166584
1187,300,63.2766259029668,0,0,0.050000000000000044,1.511183503071467
1188,300,129.34508280860115,40,1,0.050000000000000044,1.4804018382231394
1189,300,44.49795804232234,0,0,0.050000000000000044,1.5194743605454764
1190,91,3.698840461213969,0,0,0.050000000000000044,1.4731173934517325
1191,300,152.00814834424864,56,1,0.050000000000000044,1.4979266087214151
1192,300,22.63201951381989,0,0,0.050000000000000044,1.509109987616539
1193,300,121.15649428094413,44,1,0.050000000000000044,1.5159475421905517
1194,300,127.21839926677995,29,1,0.050000000000000044,1.5427987418572109
1195,300,135.85529350735447,54,1,0.050000000000000044,1.5449999181429546
1196,300,179.5281901408384,102,1,0.050000000000000044,1.5678546245892842
1197,300,130.042481411051,45,1,0.050000000000000044,1.5972968753178913
1198,300,329.5558499227685,246,1,0.050000000000000044,1.624127480983734
1199,300,163.60705549439825,78,1,0.050000000000000044,1.6056704584757486
1200,300,65.03487069428496,0,0,0.050000000000000044,1.6722621683279673
